filename,path,status,source_tables,error
projector_error_vs_outer_iteration.png,plots/points/manual/projector_error_vs_outer_iteration.png,created,"outer_iterations.csv,run_summary.csv",
projector_error_vs_outer_iteration.png,plots/points/manual/projector_error_vs_outer_iteration.png,skipped,"outer_iterations.csv,run_summary.csv",duplicate adapted plot
bandwidth_vs_outer_iteration.png,plots/points/manual/bandwidth_vs_outer_iteration.png,created,"outer_iterations.csv,run_summary.csv",
alpha_vs_outer_iteration.png,plots/points/manual/alpha_vs_outer_iteration.png,created,"outer_iterations.csv,run_summary.csv",
beta_step_vs_outer_iteration.png,plots/points/manual/beta_step_vs_outer_iteration.png,created,"outer_iterations.csv,run_summary.csv",
objective_vs_outer_iteration.png,plots/points/manual/objective_vs_outer_iteration.png,skipped,"outer_iterations.csv,run_summary.csv",no finite metric observations
objective_vs_inner_iteration.png,plots/points/manual/objective_vs_inner_iteration.png,skipped,"inner_iterations.csv,run_summary.csv,outer_iterations.csv",source table is empty
beta_step_vs_inner_iteration.png,plots/points/manual/beta_step_vs_inner_iteration.png,skipped,"inner_iterations.csv,run_summary.csv",source table is empty
solver_residual_vs_iteration.png,plots/points/manual/solver_residual_vs_iteration.png,skipped,"solver_iterations.csv,run_summary.csv",source table is empty
local_mass_by_outer_iteration.png,plots/points/manual/local_mass_by_outer_iteration.png,skipped,"local_diagnostics.csv,run_summary.csv",source table is empty
effective_neighbors_by_outer_iteration.png,plots/points/manual/effective_neighbors_by_outer_iteration.png,skipped,"local_diagnostics.csv,run_summary.csv",source table is empty
local_condition_by_outer_iteration.png,plots/points/manual/local_condition_by_outer_iteration.png,skipped,"local_diagnostics.csv,run_summary.csv",source table is empty
mass_vs_condition.png,plots/points/manual/mass_vs_condition.png,skipped,"local_diagnostics.csv,run_summary.csv",source table is empty
local_slopes_by_outer_iteration.png,plots/points/manual/local_slopes_by_outer_iteration.png,skipped,"local_diagnostics.csv,run_summary.csv",not applicable to mode multi
projector_error_heatmap_d_nd_ratio.png,plots/summary/projector_error_heatmap_d_nd_ratio.png,created,run_summary.csv,
success_rate_heatmap.png,plots/summary/success_rate_heatmap.png,created,run_summary.csv,
runtime_vs_dimension.png,plots/summary/runtime_vs_dimension.png,created,run_summary.csv,
memory_vs_dimension.png,plots/summary/memory_vs_dimension.png,created,run_summary.csv,
iterations_heatmap_d_nd_ratio.png,plots/summary/iterations_heatmap_d_nd_ratio.png,created,run_summary.csv,
projector_error_vs_sigma_eps.png,plots/summary/projector_error_vs_sigma_eps.png,skipped,run_summary.csv,missing metadata: sigma_eps
success_rate_vs_sigma_eps.png,plots/summary/success_rate_vs_sigma_eps.png,skipped,run_summary.csv,missing metadata: sigma_eps
runtime_vs_sigma_eps.png,plots/summary/runtime_vs_sigma_eps.png,skipped,run_summary.csv,missing metadata: sigma_eps
outer_iterations_vs_sigma_eps.png,plots/summary/outer_iterations_vs_sigma_eps.png,skipped,run_summary.csv,missing metadata: sigma_eps
final_objective_vs_sigma_eps.png,plots/summary/final_objective_vs_sigma_eps.png,skipped,"run_summary.csv,outer_iterations.csv",missing metadata: sigma_eps
projector_error_vs_correlation.png,plots/summary/projector_error_vs_correlation.png,skipped,run_summary.csv,missing metadata: rho_corr
success_rate_vs_correlation.png,plots/summary/success_rate_vs_correlation.png,skipped,run_summary.csv,missing metadata: rho_corr
local_condition_vs_correlation.png,plots/summary/local_condition_vs_correlation.png,skipped,"outer_iterations.csv,run_summary.csv,local_diagnostics.csv",missing metadata: rho_corr
solver_iterations_vs_correlation.png,plots/summary/solver_iterations_vs_correlation.png,skipped,"outer_iterations.csv,run_summary.csv",missing metadata: rho_corr
runtime_vs_correlation.png,plots/summary/runtime_vs_correlation.png,skipped,run_summary.csv,missing metadata: rho_corr
singular_fraction_vs_correlation.png,plots/summary/singular_fraction_vs_correlation.png,skipped,"outer_iterations.csv,run_summary.csv,local_diagnostics.csv",missing metadata: rho_corr
projector_error_vs_sigma_x.png,plots/summary/projector_error_vs_sigma_x.png,skipped,run_summary.csv,missing metadata: sigma_x
h0_vs_sigma_x.png,plots/summary/h0_vs_sigma_x.png,skipped,"run_summary.csv,outer_iterations.csv",missing metadata: sigma_x
final_bandwidth_vs_sigma_x.png,plots/summary/final_bandwidth_vs_sigma_x.png,skipped,"run_summary.csv,outer_iterations.csv",missing metadata: sigma_x
local_mass_vs_sigma_x.png,plots/summary/local_mass_vs_sigma_x.png,skipped,"outer_iterations.csv,run_summary.csv,local_diagnostics.csv",missing metadata: sigma_x
runtime_vs_sigma_x.png,plots/summary/runtime_vs_sigma_x.png,skipped,run_summary.csv,missing metadata: sigma_x
bandwidth_ratio_vs_sigma_x.png,plots/summary/bandwidth_ratio_vs_sigma_x.png,skipped,"run_summary.csv,outer_iterations.csv",missing metadata: sigma_x
projector_error_by_link_function.png,plots/summary/projector_error_by_link_function.png,skipped,run_summary.csv,missing metadata: link
success_rate_by_link_function.png,plots/summary/success_rate_by_link_function.png,skipped,run_summary.csv,missing metadata: link
outer_iterations_by_link_function.png,plots/summary/outer_iterations_by_link_function.png,skipped,run_summary.csv,missing metadata: link
objective_by_link_function.png,plots/summary/objective_by_link_function.png,skipped,"run_summary.csv,outer_iterations.csv",missing metadata: link
local_slopes_by_link_function.png,plots/summary/local_slopes_by_link_function.png,skipped,"local_diagnostics.csv,run_summary.csv",not applicable to mode multi
projector_error_by_x_distribution.png,plots/summary/projector_error_by_x_distribution.png,skipped,run_summary.csv,missing metadata: x_distribution
projector_error_by_noise_distribution.png,plots/summary/projector_error_by_noise_distribution.png,skipped,run_summary.csv,missing metadata: noise_distribution
failure_rate_by_distribution.png,plots/summary/failure_rate_by_distribution.png,skipped,run_summary.csv,"missing any metadata: x_distribution, noise_distribution"
runtime_by_distribution.png,plots/summary/runtime_by_distribution.png,skipped,run_summary.csv,"missing any metadata: x_distribution, noise_distribution"
projector_error_by_heteroscedasticity.png,plots/summary/projector_error_by_heteroscedasticity.png,skipped,run_summary.csv,missing metadata: heteroscedastic
projector_error_vs_outlier_fraction.png,plots/summary/projector_error_vs_outlier_fraction.png,skipped,run_summary.csv,missing metadata: effective_outlier_fraction
failure_rate_vs_outliers.png,plots/summary/failure_rate_vs_outliers.png,skipped,run_summary.csv,missing metadata: effective_outlier_fraction
projector_error_vs_model_misspecification.png,plots/summary/projector_error_vs_model_misspecification.png,skipped,run_summary.csv,missing metadata: delta
objective_vs_model_misspecification.png,plots/summary/objective_vs_model_misspecification.png,skipped,"run_summary.csv,outer_iterations.csv",missing metadata: delta
runtime_breakdown.png,plots/summary/runtime_breakdown.png,created,run_summary.csv,
runtime_share_breakdown.png,plots/summary/runtime_share_breakdown.png,created,run_summary.csv,
status_breakdown.png,plots/summary/status_breakdown.png,created,run_summary.csv,
