d,seed,target,search,seconds,peak_bytes,objective,relative_matrix_error,rank,stop,u_passes,lsmr_iterations,inner_converged,error
100,11,matrix,alternating,0.010858820998691954,663524,1672.8663741141738,2.7585669064143525,2,rank_limit,3580,0,"(False, True)",
100,11,matrix,gradient,0.001044526001351187,199566,3980.0713962110267,0.9394869314258509,2,rank_limit,10,0,(),
100,11,correction,alternating,0.00937457899999572,670406,3461.7426382217895,3.6582608118523545,2,rank_limit,3275,0,"(True, False)",
100,11,correction,gradient,0.0008620259995950619,206722,8388.372692706018,1.2468885333734148,2,rank_limit,11,0,(),
100,23,matrix,alternating,0.007542612000179361,662558,1354.9109473871306,2.3099630014895136,2,rank_limit,2356,0,"(True, True)",
100,23,matrix,gradient,0.0009761000001162756,199474,3985.003128369655,0.9435064771849058,2,rank_limit,10,0,(),
100,23,correction,alternating,0.008265260999905877,669536,2468.3277398349182,3.15793440649614,2,rank_limit,2867,0,"(True, True)",
100,23,correction,gradient,0.000839714999528951,206720,6082.893539006445,1.3506529571506738,2,rank_limit,11,0,(),
100,37,matrix,alternating,0.011504760999741848,662332,1812.0059340458338,2.7948016934660216,2,rank_limit,4090,0,"(False, True)",
100,37,matrix,gradient,0.0009862209990387782,199476,3743.146338610392,0.9432593830880664,2,rank_limit,10,0,(),
100,37,correction,alternating,0.008558076000554138,669400,3066.0137134552474,4.455121961857923,2,rank_limit,2969,0,"(True, True)",
100,37,correction,gradient,0.0008937799993873341,206766,9048.388906860539,1.3752140034183082,2,rank_limit,11,0,(),
300,11,matrix,alternating,1.5404571599992778,455485,544.2719006237544,8.403197555423478,2,rank_limit,54340,27105,"(False, False)",
300,11,matrix,gradient,0.0012655660011660075,432384,4423.61272370856,0.9658868382636949,2,rank_limit,10,0,(),
300,11,correction,alternating,1.5647074439984863,467798,873.1526993941707,9.656582974814873,2,rank_limit,54347,27108,"(False, False)",
300,11,correction,gradient,0.0012102710006729467,445986,9819.89411716252,1.373444190901269,2,rank_limit,11,0,(),
300,23,matrix,alternating,1.3812965689994599,454388,399.05271338489956,7.129098889637451,2,rank_limit,48894,24382,"(False, False)",
300,23,matrix,gradient,0.0012887299999420065,432386,3311.7220178837824,0.9670294967005152,2,rank_limit,10,0,(),
300,23,correction,alternating,1.1722948429996904,467322,791.6566794977805,8.291767040559359,2,rank_limit,40411,20146,"(True, False)",
300,23,correction,gradient,0.0011355179995007347,445850,6356.798867211331,1.3502718918979475,2,rank_limit,11,0,(),
300,37,matrix,alternating,1.0806453109998984,454071,517.4858990970379,7.123429541120993,2,rank_limit,42074,20981,"(False, True)",
300,37,matrix,gradient,0.001485351000155788,432296,3757.678591339534,0.9671824592573741,2,rank_limit,10,0,(),
300,37,correction,alternating,1.2263861689989426,467889,905.030714110965,9.219972879051598,2,rank_limit,47537,23703,"(False, False)",
300,37,correction,gradient,0.0012161959984950954,445942,7919.100670228452,1.336720540611361,2,rank_limit,11,0,(),
