case,n,d,centers,directions,target_density,actual_density,seed,repetitions,batch_size,shift,order_index,execution_order,memory_metric,python_version,numpy_version,scipy_version,platform,machine,cpu_model,logical_cpus,blas_name,blas_version,OPENBLAS_NUM_THREADS,OMP_NUM_THREADS,MKL_NUM_THREADS,method,median_sec,min_sec,peak_alloc_mib,relative_I,relative_U,shift_relative_I,shift_relative_U,finite,eta_max,n_eff_min,time_speedup_vs_direct,memory_ratio_vs_direct
standard-sparse,1000,32,64,8,0.05,0.05,42,5,16,100000000.0,0,"direct,matrix,sparse",tracemalloc_peak_allocations_excluding_prepared_inputs,3.14.6,2.5.1,1.18.0,Linux-7.1.3-arch1-1-x86_64-with-glibc2.44,x86_64,12th Gen Intel(R) Core(TM) i5-12400F,12,cblas,3.12.0,1,1,1,direct,0.016000097995856777,0.015778139997564722,23.95957660675049,0.0,0.0,32.56438255385686,4.209820153648347e-09,1,3.6353366195310634e-15,1.1830313491687636,1.0,1.0
standard-sparse,1000,32,64,8,0.05,0.05,42,5,16,100000000.0,1,"direct,matrix,sparse",tracemalloc_peak_allocations_excluding_prepared_inputs,3.14.6,2.5.1,1.18.0,Linux-7.1.3-arch1-1-x86_64-with-glibc2.44,x86_64,12th Gen Intel(R) Core(TM) i5-12400F,12,cblas,3.12.0,1,1,1,matrix,0.016012464999221265,0.015745081997010857,3.9626846313476562,6.223753086751988e-16,5.235823329020665e-16,2.63387131070292e-08,4.209820196400212e-09,1,3.912786735226004e-15,1.1830313491687636,0.9992276639877065,0.1653904280692168
standard-sparse,1000,32,64,8,0.05,0.05,42,5,16,100000000.0,2,"direct,matrix,sparse",tracemalloc_peak_allocations_excluding_prepared_inputs,3.14.6,2.5.1,1.18.0,Linux-7.1.3-arch1-1-x86_64-with-glibc2.44,x86_64,12th Gen Intel(R) Core(TM) i5-12400F,12,cblas,3.12.0,1,1,1,sparse,0.003587630999390967,0.003512253999360837,3.70145320892334,6.131773525697371e-16,5.063338878222813e-16,2.839619111853228e-08,4.209820186725994e-09,1,1.6633167925722592e-15,1.1830313491687636,4.459794777827747,0.15448742144635705
standard-medium,1500,64,96,8,0.15,0.15,43,5,16,100000000.0,0,"matrix,sparse,direct",tracemalloc_peak_allocations_excluding_prepared_inputs,3.14.6,2.5.1,1.18.0,Linux-7.1.3-arch1-1-x86_64-with-glibc2.44,x86_64,12th Gen Intel(R) Core(TM) i5-12400F,12,cblas,3.12.0,1,1,1,matrix,0.06045664200064493,0.0597901470027864,6.848747253417969,8.634788227192316e-16,8.705999721980794e-16,3.7560736527124687e-08,3.0718446873626016e-09,1,1.9476971582313673e-15,2.095517245282354,1.256644753842281,0.07690002222481479
standard-medium,1500,64,96,8,0.15,0.15,43,5,16,100000000.0,1,"matrix,sparse,direct",tracemalloc_peak_allocations_excluding_prepared_inputs,3.14.6,2.5.1,1.18.0,Linux-7.1.3-arch1-1-x86_64-with-glibc2.44,x86_64,12th Gen Intel(R) Core(TM) i5-12400F,12,cblas,3.12.0,1,1,1,sparse,0.06512104300054489,0.06270924799900968,44.4164981842041,8.558366461145555e-16,8.499583530456034e-16,3.5360114682511644e-08,3.0718446880513106e-09,1,8.495638209450114e-16,2.095517245282354,1.1666355221674762,0.49872328049616965
standard-medium,1500,64,96,8,0.15,0.15,43,5,16,100000000.0,2,"matrix,sparse,direct",tracemalloc_peak_allocations_excluding_prepared_inputs,3.14.6,2.5.1,1.18.0,Linux-7.1.3-arch1-1-x86_64-with-glibc2.44,x86_64,12th Gen Intel(R) Core(TM) i5-12400F,12,cblas,3.12.0,1,1,1,direct,0.07597252200503135,0.07539833399641793,89.06040668487549,0.0,0.0,67.61486464111313,3.0718444614345736e-09,1,9.223191790268453e-16,2.095517245282354,1.0,1.0
standard-dense,1000,32,64,8,0.75,0.75,44,5,16,100000000.0,0,"sparse,direct,matrix",tracemalloc_peak_allocations_excluding_prepared_inputs,3.14.6,2.5.1,1.18.0,Linux-7.1.3-arch1-1-x86_64-with-glibc2.44,x86_64,12th Gen Intel(R) Core(TM) i5-12400F,12,cblas,3.12.0,1,1,1,sparse,0.07001073600258678,0.06912250899767969,49.50228309631348,1.2352834380190314e-15,1.1434371156799382e-15,2.2820910586595853e-08,1.360806113332036e-09,1,4.404737448913291e-16,245.14646473377115,0.23776400521668184,2.0660750358320796
standard-dense,1000,32,64,8,0.75,0.75,44,5,16,100000000.0,1,"sparse,direct,matrix",tracemalloc_peak_allocations_excluding_prepared_inputs,3.14.6,2.5.1,1.18.0,Linux-7.1.3-arch1-1-x86_64-with-glibc2.44,x86_64,12th Gen Intel(R) Core(TM) i5-12400F,12,cblas,3.12.0,1,1,1,direct,0.01664603300014278,0.01608269599819323,23.95957660675049,0.0,0.0,73.82041464713531,1.3608057298364397e-09,1,7.939924908644172e-16,245.1464647337711,1.0,1.0
standard-dense,1000,32,64,8,0.75,0.75,44,5,16,100000000.0,2,"sparse,direct,matrix",tracemalloc_peak_allocations_excluding_prepared_inputs,3.14.6,2.5.1,1.18.0,Linux-7.1.3-arch1-1-x86_64-with-glibc2.44,x86_64,12th Gen Intel(R) Core(TM) i5-12400F,12,cblas,3.12.0,1,1,1,matrix,0.015781869005877525,0.015310137998312712,3.9626846313476562,1.2066827379611748e-15,1.1448247430543192e-15,2.3242502641738775e-08,1.3608061227781749e-09,1,4.506689758232744e-16,245.1464647337711,1.0547567587808149,0.1653904280692168
