seed,model_seed,estimator,solver,quality,completion_pass,recovered,stop_reason,linear_residual_max,linear_iterations,fit_seconds,error
0,3414180542,manifold,hybrid,0.4809565304412623,True,False,h_min,2.0862910029115997e-15,0,0.07715365299372934,
0,3414180542,local_quadratic,hybrid,0.06869756848750351,True,True,h_min,3.451065414716355e-15,0,0.0941440850001527,
1,1568069026,local_quadratic,hybrid,0.04230459204636945,True,True,h_min,3.1033978871654412e-15,0,0.10021831499761902,
1,1568069026,manifold,hybrid,0.43665027926147487,True,False,h_min,1.2916356567650223e-15,0,0.07400616700033424,
2,4167035260,manifold,hybrid,0.5102440025365936,True,False,h_min,3.3491438846297066e-15,0,0.07390848999784794,
2,4167035260,local_quadratic,hybrid,0.060477313948928066,True,True,h_min,1.3253154513817546e-15,0,0.08432068100228207,
3,2424736837,local_quadratic,hybrid,0.03745885294496868,True,True,h_min,1.4236012586436403e-15,0,0.08866460499848472,
3,2424736837,manifold,hybrid,0.5703165557311602,True,False,h_min,9.246312867364495e-16,0,0.07262925700342748,
4,3699691919,manifold,hybrid,,False,False,,,,0.06251302600139752,"RuntimeError: rank-deficient local slope for target 7: rank=0, required=1; increase N_phi or N_loc"
4,3699691919,local_quadratic,hybrid,0.06923594862912928,True,True,h_min,2.266284956512179e-15,0,0.09649059199728072,
5,3202134607,local_quadratic,hybrid,0.03373393848554473,True,True,h_min,1.932737094991665e-15,0,0.10065985799883492,
5,3202134607,manifold,hybrid,,False,False,,,,0.05759307100379374,"RuntimeError: rank-deficient local slope for target 3: rank=0, required=1; increase N_phi or N_loc"
6,1329562486,manifold,hybrid,,False,False,,,,0.04712678599753417,"RuntimeError: rank-deficient local slope for target 14: rank=0, required=1; increase N_phi or N_loc"
6,1329562486,local_quadratic,hybrid,0.05969192909195186,True,True,h_min,3.4462953085529527e-15,0,0.10447969699453097,
7,2645466379,local_quadratic,hybrid,0.0587967135106474,True,True,h_min,1.927503802184398e-15,0,0.10935301900462946,
7,2645466379,manifold,hybrid,,False,False,,,,0.06679172500298591,"RuntimeError: rank-deficient local slope for target 17: rank=0, required=1; increase N_phi or N_loc"
8,3430508477,manifold,hybrid,,False,False,,,,0.02257314999587834,"RuntimeError: rank-deficient local slope for target 9: rank=0, required=1; increase N_phi or N_loc"
8,3430508477,local_quadratic,hybrid,0.05509055852641478,True,True,h_min,2.204513774856148e-15,0,0.10610096700111171,
9,3554362247,local_quadratic,hybrid,0.07640785732816194,True,True,h_min,2.2502537099958636e-15,0,0.11495373999787262,
9,3554362247,manifold,hybrid,,False,False,,,,0.05674730700411601,"RuntimeError: rank-deficient local slope for target 1: rank=0, required=1; increase N_phi or N_loc"
