experiment,factor,factor_label,level,build,iteration,n,quality_median,quality_q05,quality_q95,test_error_median,h_median,anisotropy_median
diagnostic-manifold-base,N_loc,N_loc,20,ADP,0,55,nan,nan,nan,nan,1.6605951643384131,nan
diagnostic-manifold-base,N_loc,N_loc,20,ADP,1,62,nan,nan,nan,nan,1.1751947486693848,nan
diagnostic-manifold-base,N_loc,N_loc,20,ADP,2,62,nan,nan,nan,nan,0.8309881759989424,nan
diagnostic-manifold-base,N_phi,N_phi,10,ADP,0,56,nan,nan,nan,nan,1.6619763519978847,nan
diagnostic-manifold-base,N_phi,N_phi,10,ADP,1,63,nan,nan,nan,nan,1.1761713958294884,nan
diagnostic-manifold-base,N_phi,N_phi,10,ADP,2,61,nan,nan,nan,nan,0.8316787698286782,nan
diagnostic-manifold-base,N_J,N_J,24,ADP,0,69,nan,nan,nan,nan,1.6605951643384131,nan
diagnostic-manifold-base,N_J,N_J,24,ADP,1,76,nan,nan,nan,nan,1.1761713958294884,nan
diagnostic-manifold-base,N_J,N_J,24,ADP,2,74,nan,nan,nan,nan,0.8316787698286782,nan
diagnostic-manifold-base,N_manifold,N_manifold,6,ADP,0,54,nan,nan,nan,nan,1.6633575396573566,nan
diagnostic-manifold-base,N_manifold,N_manifold,6,ADP,1,61,nan,nan,nan,nan,1.1761713958294884,nan
diagnostic-manifold-base,N_manifold,N_manifold,6,ADP,2,59,nan,nan,nan,nan,0.8316787698286782,nan
diagnostic-manifold-base,lambda_manifold,λ_M,0.5,ADP,0,55,nan,nan,nan,nan,1.6633575396573566,nan
diagnostic-manifold-base,lambda_manifold,λ_M,0.5,ADP,1,62,nan,nan,nan,nan,1.1761713958294884,nan
diagnostic-manifold-base,lambda_manifold,λ_M,0.5,ADP,2,60,nan,nan,nan,nan,0.8316787698286782,nan
diagnostic-manifold-base,sync_steps,шаги синхронизации,1,ADP,0,62,nan,nan,nan,nan,1.6619763519978847,nan
diagnostic-manifold-base,sync_steps,шаги синхронизации,1,ADP,1,62,nan,nan,nan,nan,1.1751947486693848,nan
diagnostic-manifold-base,sync_steps,шаги синхронизации,1,ADP,2,60,nan,nan,nan,nan,0.8316787698286782,nan
diagnostic-manifold-base,N_loc,N_loc,10,ADP,0,4,nan,nan,nan,nan,1.2973496173631576,nan
diagnostic-manifold-base,N_loc,N_loc,10,ADP,1,4,nan,nan,nan,nan,0.9173647120072614,nan
diagnostic-manifold-base,N_loc,N_loc,10,ADP,2,2,nan,nan,nan,nan,0.675300487393117,nan
diagnostic-manifold-base,N_loc,N_loc,30,ADP,0,10,nan,nan,nan,nan,1.8802694043025219,nan
diagnostic-manifold-base,N_loc,N_loc,30,ADP,1,10,nan,nan,nan,nan,1.3295512462399033,nan
diagnostic-manifold-base,N_loc,N_loc,30,ADP,2,10,nan,nan,nan,nan,0.9401347021512607,nan
diagnostic-manifold-base,N_loc,N_loc,30,ADP,3,6,nan,nan,nan,nan,0.6767366578894536,nan
diagnostic-manifold-base,N_phi,N_phi,10,ADP,3,6,nan,nan,nan,nan,0.6767366578894536,nan
diagnostic-manifold-base,N_J,N_J,24,ADP,3,6,nan,nan,nan,nan,0.6767366578894536,nan
diagnostic-manifold-base,N_manifold,N_manifold,6,ADP,3,6,nan,nan,nan,nan,0.6767366578894536,nan
diagnostic-manifold-base,lambda_manifold,λ_M,0.5,ADP,3,6,nan,nan,nan,nan,0.6767366578894536,nan
diagnostic-manifold-base,sync_steps,шаги синхронизации,1,ADP,3,6,nan,nan,nan,nan,0.6767366578894536,nan
diagnostic-manifold-base,N_phi,N_phi,4,ADP,0,6,nan,nan,nan,nan,1.6595931205755696,nan
diagnostic-manifold-base,N_phi,N_phi,4,ADP,1,6,nan,nan,nan,nan,1.173509549569529,nan
diagnostic-manifold-base,N_phi,N_phi,4,ADP,2,6,nan,nan,nan,nan,0.8297965602877848,nan
diagnostic-manifold-base,N_phi,N_phi,16,ADP,0,7,nan,nan,nan,nan,1.6605951643384131,nan
diagnostic-manifold-base,N_phi,N_phi,16,ADP,1,7,nan,nan,nan,nan,1.1742181015092812,nan
diagnostic-manifold-base,N_phi,N_phi,16,ADP,2,7,nan,nan,nan,nan,0.8302975821692065,nan
diagnostic-manifold-base,N_manifold,N_manifold,3,ADP,0,6,nan,nan,nan,nan,1.6595931205755696,nan
diagnostic-manifold-base,N_manifold,N_manifold,3,ADP,1,6,nan,nan,nan,nan,1.173509549569529,nan
diagnostic-manifold-base,N_manifold,N_manifold,3,ADP,2,6,nan,nan,nan,nan,0.8297965602877848,nan
diagnostic-manifold-base,N_manifold,N_manifold,10,ADP,0,9,nan,nan,nan,nan,1.655828701493783,nan
diagnostic-manifold-base,N_manifold,N_manifold,10,ADP,1,9,nan,nan,nan,nan,1.1708477033095694,nan
diagnostic-manifold-base,N_manifold,N_manifold,10,ADP,2,9,nan,nan,nan,nan,0.8279143507468913,nan
diagnostic-manifold-base,lambda_manifold,λ_M,0.0,ADP,0,8,nan,nan,nan,nan,1.658211932916098,nan
diagnostic-manifold-base,lambda_manifold,λ_M,0.0,ADP,1,8,nan,nan,nan,nan,1.1725329024094253,nan
diagnostic-manifold-base,lambda_manifold,λ_M,0.0,ADP,2,8,nan,nan,nan,nan,0.8291059664580489,nan
diagnostic-manifold-base,lambda_manifold,λ_M,2.0,ADP,0,6,nan,nan,nan,nan,1.6595931205755696,nan
diagnostic-manifold-base,lambda_manifold,λ_M,2.0,ADP,1,6,nan,nan,nan,nan,1.173509549569529,nan
diagnostic-manifold-base,lambda_manifold,λ_M,2.0,ADP,2,6,nan,nan,nan,nan,0.8297965602877848,nan
diagnostic-manifold-base,sync_steps,шаги синхронизации,3,ADP,0,7,nan,nan,nan,nan,1.6605951643384131,nan
diagnostic-manifold-base,sync_steps,шаги синхронизации,3,ADP,1,14,nan,nan,nan,nan,1.359448463076282,nan
diagnostic-manifold-base,sync_steps,шаги синхронизации,3,ADP,2,14,nan,nan,nan,nan,1.183932845561066,nan
